Player,Salary,Position,Team,Opponent,Projection,Value,Ownership %,Optimal %,Leverage,Std Dev,Boom,Bust,Ceiling,Floor
Puka Nacua,8700,WR,LAR,DET,24.76,2.85,34,30.4,-3.600000000000003,10.23,24.3280307033627,28.2762353150403,31.66,17.86
Christian McCaffrey,9000,RB,SF,TEN,24.617,2.74,23.133333333333333,20.266666666666666,-2.866666666666667,8.39,20.2740655030581,27.503941188426502,30.28,18.95
Jahmyr Gibbs,8800,RB,DET,LAR,23.532,2.67,18.6,17.833333333333336,-0.7666666666666655,7.89,16.7970365025165,28.7892503133649,28.85,18.21
Matthew Stafford,7000,QB,LAR,DET,22.654,3.24,10.333333333333334,7.9,-2.433333333333333,8.00,8.76874835181461,32.3980185312222,28.05,17.26
Ja'Marr Chase,8100,WR,CIN,BAL,22.586,2.79,26,24.53333333333333,-1.466666666666669,10.04,21.6938651070845,30.4083784207885,29.36,15.82
Josh Allen,7500,QB,BUF,NE,22.508,3.00,4.233333333333333,5.433333333333333,1.1999999999999997,8.01,5.93468671088137,40.10048800001,27.91,17.11
Lamar Jackson,6400,QB,BAL,CIN,21.992,3.44,10.299999999999999,10.333333333333334,0.033333333333333826,7.73,10.4611223730764,26.7691293389689,27.21,16.78
Jaxon Smith-Njigba,8600,WR,SEA,IND,21.752,2.53,17.133333333333333,15.566666666666668,-1.5666666666666662,9.95,16.0198692225759,37.7264084240228,28.46,15.04
Jalen Hurts,6800,QB,PHI,LV,20.93,3.08,3.5000000000000004,6.5,3,7.69,5.97553730924915,37.1042628261886,26.12,15.74
Patrick Mahomes,6500,QB,KC,LAC,20.328,3.13,3.3666666666666663,4.966666666666667,1.6,7.01,4.80185056892556,34.3353116251525,25.06,15.60
Jaxson Dart,5600,QB,NYG,WAS,19.881,3.55,8.433333333333334,10.433333333333334,2.0000000000000004,7.21,9.55811324564777,24.0366899972513,24.74,15.02
Joe Burrow,6600,QB,CIN,BAL,19.687,2.98,4.833333333333333,3.4333333333333336,-1.4,7.24,4.0735569241042,39.7206519368145,24.57,14.80
Amon-Ra St. Brown,7900,WR,DET,LAR,19.664,2.49,15.433333333333332,11.700000000000001,-3.7333333333333316,8.77,12.0284694010739,37.8942792036652,25.58,13.75
Drake Maye,6700,QB,NE,BUF,19.443,2.90,2.3333333333333335,2.7666666666666666,0.4333333333333331,7.07,3.13512281221848,42.4650146868968,24.21,14.68
Brock Purdy,6200,QB,SF,TEN,19.063,3.07,6.7333333333333325,4.433333333333334,-2.2999999999999994,7.19,4.71631821737685,36.6050331051159,23.92,14.21
James Cook III,8000,RB,BUF,NE,18.964,2.37,6.6000000000000005,8.133333333333333,1.5333333333333323,7.03,7.26378422583977,40.0916170996679,23.70,14.22
Marcus Mariota,5000,QB,WAS,NYG,18.776,3.76,8.033333333333333,10.2,2.166666666666665,6.65,9.48153691088102,19.2593918093434,23.26,14.29
C.J. Stroud,5200,QB,HOU,ARI,18.615,3.58,11.833333333333334,8.233333333333333,-3.6000000000000005,6.93,8.54414480036286,23.4514333725034,23.29,13.94
Saquon Barkley,7100,RB,PHI,LV,18.609,2.62,15.233333333333333,13.066666666666665,-2.166666666666667,6.89,11.0539621429598,30.225085359283298,23.26,13.96
Derrick Henry,7300,RB,BAL,CIN,18.6,2.55,11.966666666666667,12.466666666666667,0.49999999999999906,7.56,11.9160689792605,34.1966080634617,23.70,13.50
Sam Darnold,5800,QB,SEA,IND,18.599,3.21,5.333333333333334,4.966666666666667,-0.36666666666666725,6.93,5.14675275838106,32.2154521307085,23.27,13.93
Trevor Lawrence,5700,QB,JAX,NYJ,18.434,3.23,5.666666666666666,5.4,-0.26666666666666644,6.91,5.31404974520018,31.4780871284333,23.10,13.77
Jonathan Taylor,8500,RB,IND,SEA,18.342,2.16,1.9333333333333333,3.1,1.1666666666666665,6.84,3.90700476329476,50.33637041589499,22.96,13.73
Travis Etienne Jr.,6500,RB,JAX,NYJ,17.891,2.75,12.533333333333333,17.1,4.566666666666669,6.98,13.4849264539914,26.9458316351938,22.60,13.18
Rashee Rice,7700,WR,KC,LAC,17.569,2.28,5.733333333333333,8.866666666666667,3.1333333333333337,8.57,8.22246087111409,44.9404333377318,23.35,11.79
Davante Adams,7200,WR,LAR,DET,17.493,2.43,13.900000000000002,12.2,-1.7000000000000015,9.20,12.0539048936273,40.4978655099427,23.70,11.29
Nico Collins,6700,WR,HOU,ARI,17.476,2.61,17.599999999999998,16.966666666666665,-0.633333333333333,8.74,13.580172654862299,34.8737581810967,23.37,11.58
Woody Marks,5600,RB,HOU,ARI,17.347,3.10,29.96666666666667,26.53333333333333,-3.433333333333338,6.95,19.0209487789724,19.754443225341,22.03,12.66
Jared Goff,6100,QB,DET,LAR,17.142,2.81,3.033333333333333,1.9333333333333333,-1.0999999999999999,6.61,1.9428343135613197,44.9320200313524,21.60,12.68
Bo Nix,5900,QB,DEN,GB,17.09,2.90,1.4666666666666666,1.9333333333333333,0.4666666666666668,6.33,1.91880061185772,41.3098107132367,21.36,12.82
Trey McBride,7400,TE,ARI,HOU,16.669,2.25,2.7666666666666666,4.8,2.0333333333333337,7.40,8.63196342960858,45.1100784083233,21.66,11.68
Jordan Love,5400,QB,GB,DEN,16.217,3.00,2.1333333333333333,2.0666666666666664,-0.06666666666666661,6.20,2.2080563714903,37.2492767615732,20.40,12.03
Michael Wilson,6600,WR,ARI,HOU,15.823,2.40,9.333333333333334,10,0.6666666666666667,7.61,7.376999889667089,39.7148696566258,20.95,10.69
Tyler Shough,4900,QB,NO,CAR,15.69,3.20,2.3333333333333335,3,0.6666666666666664,6.14,3.0420843867029,31.3106465625619,19.83,11.55
Caleb Williams,5300,QB,CHI,CLE,15.688,2.96,1.2666666666666666,2.166666666666667,0.9000000000000001,6.28,2.15403233546867,38.7981275470827,19.93,11.45
Josh Jacobs,6900,RB,GB,DEN,15.473,2.24,2.533333333333333,4.933333333333334,2.4,6.62,4.70217087877025,44.5146217868511,19.94,11.01
Jacoby Brissett,5500,QB,ARI,HOU,15.256,2.77,1.3333333333333335,1,-0.33333333333333337,5.57,0.679237137916303,44.6000386716879,19.01,11.50
RJ Harvey,6000,RB,DEN,GB,15.246,2.54,7.1,8.066666666666666,0.966666666666667,6.23,7.10072711825698,32.4016737395953,19.45,11.04
Quinshon Judkins,6300,RB,CLE,CHI,15.195,2.41,7.6,6.2,-1.4,6.18,5.39993126430564,36.845082748187,19.36,11.03
Chase Brown,6700,RB,CIN,BAL,15.164,2.26,3.4333333333333336,4.3,0.8666666666666663,5.92,3.2634205612113805,42.7353925569586,19.16,11.17
A.J. Brown,6800,WR,PHI,LV,15.076,2.22,6.866666666666667,7.333333333333333,0.4666666666666666,8.03,6.3657526956179105,46.2511643488657,20.49,9.66
George Kittle,5400,TE,SF,TEN,15.015,2.78,15.133333333333333,14.466666666666667,-0.6666666666666654,8.42,20.4775638232484,31.5066539498535,20.70,9.34
Justin Herbert,6300,QB,LAC,KC,14.977,2.38,0.3,0.1,-0.2,5.53,0.149861837549508,63.588203325286294,18.71,11.25
Kenneth Walker III,5600,RB,SEA,IND,14.911,2.66,12.9,10.7,-2.2000000000000006,6.73,10.2424287374179,30.294622662484098,19.45,10.37
Zay Flowers,6300,WR,BAL,CIN,14.846,2.36,9.466666666666667,9.133333333333333,-0.3333333333333327,8.02,7.9955261135254005,41.4802737411675,20.26,9.44
Bryce Young,5100,QB,CAR,NO,14.68,2.88,1.8333333333333333,1.6,-0.2333333333333333,5.99,1.42996542811385,40.8927164866145,18.72,10.64
Ashton Jeanty,5800,RB,LV,PHI,14.555,2.51,6.333333333333334,6.433333333333334,0.10000000000000009,5.57,4.63212977773595,31.807369156826297,18.31,10.80
Kyren Williams,6800,RB,LAR,DET,14.504,2.13,3.4333333333333336,3.9,0.4666666666666666,6.24,2.91840783340015,48.8236804694462,18.71,10.29
Chris Olave,6200,WR,NO,CAR,14.347,2.31,4.9,8.166666666666666,3.266666666666666,7.49,6.17793697141094,42.2335279819149,19.40,9.30
Devin Neal,5300,RB,NO,CAR,13.997,2.64,8.6,8.4,-0.1999999999999988,5.71,6.31553258980179,28.2837608529977,17.85,10.15
Jameson Williams,6100,WR,DET,LAR,13.943,2.29,9.8,9.033333333333333,-0.7666666666666668,7.95,7.04931950147967,43.4851076838437,19.30,8.58
Wan'Dale Robinson,5900,WR,NYG,WAS,13.912,2.36,11.133333333333335,7.966666666666667,-3.166666666666668,7.43,6.50656232148917,40.6785497577285,18.92,8.90
Breece Hall,6200,RB,NYJ,JAX,13.739,2.22,2.7,3.6333333333333337,0.9333333333333336,5.58,2.29753678081519,43.8851892433661,17.50,9.97
Tetairoa McMillan,6000,WR,CAR,NO,13.647,2.27,8.666666666666668,7.066666666666667,-1.6,7.75,6.46066445186869,43.6051780523833,18.87,8.42
TreVeyon Henderson,6100,RB,NE,BUF,13.467,2.21,2.533333333333333,4.433333333333334,1.9000000000000004,6.24,3.6569159155885695,44.7242269704905,17.67,9.26
Tyrone Tracy Jr.,5500,RB,NYG,WAS,13.439,2.44,6.933333333333333,6.366666666666666,-0.5666666666666667,5.60,4.06191660088098,34.4591167723021,17.22,9.66
Terry McLaurin,5400,WR,WAS,NYG,13.38,2.48,10.4,10.266666666666667,-0.13333333333333253,7.37,7.54827436498051,37.1252294001847,18.35,8.41
D'Andre Swift,5700,RB,CHI,CLE,13.355,2.34,2.3,4.566666666666666,2.2666666666666666,5.72,3.56455504950202,38.4900710405282,17.22,9.49
Rico Dowdle,6600,RB,CAR,NO,13.274,2.01,2.1999999999999997,2.1999999999999997,0,6.01,1.82474798951675,53.7531392637695,17.33,9.22
Cam Ward,4600,QB,TEN,SF,13.184,2.87,0.5666666666666667,0.6,0.033333333333333305,5.27,0.636904504783018,39.6349764667887,16.74,9.63
Stefon Diggs,6000,WR,NE,BUF,13.13,2.19,3.3333333333333335,6.2,2.8666666666666667,7.08,4.14556909329627,45.8917939489848,17.90,8.36
Jakobi Meyers,5600,WR,JAX,NYJ,12.957,2.31,6.766666666666667,6.1,-0.6666666666666667,7.30,5.78043993755772,41.7650061438263,17.88,8.04
DeVonta Smith,5800,WR,PHI,LV,12.505,2.16,5.466666666666667,5.8999999999999995,0.4333333333333328,7.07,3.9487843090763897,46.7006721513149,17.27,7.74
Courtland Sutton,5500,WR,DEN,GB,12.485,2.27,5.3,7.066666666666667,1.766666666666667,7.11,4.96920276830753,42.8259734104414,17.28,7.69
Brock Bowers,5900,TE,LV,PHI,12.48,2.12,1.4666666666666666,2.7333333333333334,1.2666666666666668,6.41,4.77336352804437,48.0054335431755,16.80,8.16
Jauan Jennings,5200,WR,SF,TEN,12.321,2.37,9.966666666666667,7.866666666666666,-2.1000000000000005,7.21,6.07931476233364,39.9213978867294,17.18,7.46
Christian Watson,5500,WR,GB,DEN,12.088,2.20,7.233333333333333,6.233333333333333,-1.0000000000000002,7.39,5.06143126581904,45.2175293239961,17.07,7.10
Ladd McConkey,6400,WR,LAC,KC,11.907,1.86,1.633333333333333,2.533333333333333,0.9000000000000001,6.89,1.80033777209285,58.349855856410606,16.56,7.26
Harold Fannin Jr.,4000,TE,CLE,CHI,11.698,2.92,15.466666666666667,11,-4.466666666666668,6.30,13.645679722441,25.756563521749797,15.94,7.45
Deebo Samuel Sr.,5300,WR,WAS,NYG,11.596,2.19,4.233333333333333,5.233333333333333,1.0000000000000002,6.67,3.4488780910082095,44.7718423174336,16.09,7.10
Kenny Pickett,4500,QB,LV,PHI,11.532,2.56,0.16666666666666669,0.13333333333333333,-0.03333333333333335,4.64,0.0915427153807116,49.7214260446814,14.66,8.40
Shedeur Sanders,4700,QB,CLE,CHI,11.459,2.44,0.46666666666666673,0.2,-0.2666666666666667,5.11,0.153515939767999,54.98369446819859,14.91,8.01
Khalil Shakir,5300,WR,BUF,NE,11.314,2.13,2.6333333333333333,4.7,2.0666666666666664,6.38,2.59298570500542,46.2909471057557,15.62,7.01
Omarion Hampton,5900,RB,LAC,KC,11.162,1.89,1.1666666666666667,1.4333333333333333,0.2666666666666666,5.30,0.709847375110783,57.4651268861852,14.74,7.59
Travis Kelce,4900,TE,KC,LAC,11.034,2.25,4.566666666666666,4.8,0.2333333333333333,6.35,6.287810061847381,42.0517222637739,15.32,6.75
Brady Cook,4300,QB,NYJ,JAX,11.013,2.56,0.13333333333333333,0.23333333333333336,0.10000000000000002,4.69,0.108978148106786,49.043523572738,14.18,7.85
Jacory Croskey-Merritt,4400,RB,WAS,NYG,10.998,2.50,8.833333333333334,5.666666666666666,-3.166666666666667,5.19,3.28305327428772,31.9423092390024,14.50,7.49
Brian Thomas Jr.,5700,WR,JAX,NYJ,10.986,1.93,4.166666666666666,3.4666666666666663,-0.7,7.10,2.68709233424894,53.894836420868195,15.77,6.20
Mark Andrews,3900,TE,BAL,CIN,10.949,2.81,12,9.433333333333334,-2.5666666666666655,6.64,13.2209180742842,29.4429179796859,15.43,6.47
Chuba Hubbard,4600,RB,CAR,NO,10.836,2.36,3.933333333333333,4.3,0.36666666666666653,5.22,2.53160225858211,36.5423780354926,14.36,7.31
Kyle Monangai,5200,RB,CHI,CLE,10.66,2.05,1.7999999999999998,2.5,0.7000000000000003,5.33,1.33220347889855,48.6502334322149,14.26,7.06
Zach Charbonnet,5100,RB,SEA,IND,10.629,2.08,1,2.533333333333333,1.5333333333333332,5.63,1.96253492220963,47.2493828704394,14.43,6.83
Devin Singletary,5000,RB,NYG,WAS,10.585,2.12,1.6666666666666667,3.033333333333333,1.3666666666666667,5.21,1.429040253873,45.5295840353567,14.10,7.07
Brenton Strange,4200,TE,JAX,NYJ,10.537,2.51,6.333333333333334,5.733333333333333,-0.6000000000000005,6.59,9.73374016590542,35.4580405446546,14.98,6.09
Dalton Schultz,4100,TE,HOU,ARI,10.536,2.57,6.9,6.3,-0.6000000000000005,6.39,9.69334008986758,33.6563542844752,14.85,6.23
Theo Johnson,3500,TE,NYG,WAS,10.372,2.96,14.366666666666667,10.4,-3.966666666666667,6.49,13.9389508801949,27.0235811774383,14.75,6.00
Kareem Hunt,5400,RB,KC,LAC,10.345,1.92,1.4333333333333333,1.4000000000000001,-0.033333333333333305,5.47,1.05108161890564,54.4788762983317,14.03,6.66
Tony Pollard,5200,RB,TEN,SF,10.268,1.97,1.1333333333333333,1.4000000000000001,0.2666666666666666,4.50,0.333661446155062,51.8791864144744,13.30,7.23
Hunter Henry,4400,TE,NE,BUF,10.173,2.31,3.5666666666666664,4.666666666666667,1.1000000000000003,6.40,7.10804773795851,40.0410172061417,14.49,5.86
Dalton Kincaid,4500,TE,BUF,NE,10.06,2.24,3.2333333333333334,4.766666666666667,1.5333333333333337,6.31,6.1322004690183,42.0883148197609,14.32,5.80
Juwan Johnson,3700,TE,NO,CAR,9.997,2.70,5.666666666666666,6.9,1.2333333333333343,6.06,9.68066106610804,30.3606136730476,14.09,5.91
Mike Gesicki,3300,TE,CIN,BAL,9.988,3.03,10.533333333333333,10.9,0.36666666666666653,6.03,12.516921711203299,24.9994372698403,14.06,5.92
Philip Rivers,4900,QB,IND,SEA,9.649,1.97,0.03333333333333333,0.03333333333333333,0,4.34,0.00265968985890197,75.8817115460992,12.58,6.72
Isaiah Likely,3400,TE,BAL,CIN,9.634,2.83,8.6,8.766666666666667,0.16666666666666774,6.25,11.4258370164264,28.9129303251761,13.85,5.42
Zonovan Knight,4900,RB,ARI,HOU,9.595,1.96,0.36666666666666664,1.1333333333333333,0.7666666666666667,4.83,0.593166933543515,51.359691633723806,12.86,6.33
Xavier Worthy,4500,WR,KC,LAC,9.575,2.13,2.933333333333333,3.5666666666666664,0.6333333333333333,6.05,2.17029968925155,44.9050343784268,13.66,5.49
Tyjae Spears,4700,RB,TEN,SF,9.483,2.02,1.633333333333333,1.7000000000000002,0.06666666666666696,4.77,0.664843235093258,48.3039936160104,12.70,6.27
Rhamondre Stevenson,5100,RB,NE,BUF,9.463,1.86,1.0999999999999999,0.8666666666666666,-0.2333333333333333,4.82,0.403880720305011,56.394806000378,12.72,6.21
Jayden Higgins,4200,WR,HOU,ARI,9.441,2.25,5.1,3.933333333333333,-1.1666666666666665,5.78,2.20983416874641,40.6973262222049,13.34,5.54
Seahawks,3700,DST,SEA,IND,9.337,2.52,8.7,6.533333333333332,-2.166666666666667,4.36,4.19048483697236,28.667561937639004,12.28,6.39
Dallas Goedert,3800,TE,PHI,LV,9.318,2.45,3.9,5.366666666666667,1.4666666666666668,5.88,6.723367198050751,35.4330845384008,13.28,5.35
Adonai Mitchell,4400,WR,NYJ,JAX,9.317,2.12,3.733333333333334,4.166666666666666,0.4333333333333328,6.08,2.1940848738213,45.0399935677335,13.41,5.22
Oronde Gadsden II,4300,TE,LAC,KC,9.304,2.16,1.6666666666666667,3.3000000000000003,1.6333333333333335,5.84,4.3184872118032,43.313057906064,13.24,5.36
Rome Odunze,5800,WR,CHI,CLE,9.303,1.60,0.46666666666666673,1.4000000000000001,0.9333333333333332,6.09,0.51604773600998,66.6311844883486,13.41,5.20
Tyler Warren,4700,TE,IND,SEA,9.18,1.95,2.2666666666666666,1.4666666666666666,-0.8000000000000002,5.53,2.23213849147446,50.72258544528769,12.91,5.45
John Metchie III,4300,WR,NYJ,JAX,9.134,2.12,2.3333333333333335,3.266666666666666,0.9333333333333329,5.65,1.5483255514914,44.27228230291,12.94,5.32
Troy Franklin,5200,WR,DEN,GB,9.123,1.75,1.633333333333333,1.6666666666666667,0.03333333333333348,5.88,0.728603585429838,59.1292925304703,13.09,5.16
Colby Parkinson,3200,TE,LAR,DET,9.096,2.84,8.333333333333332,7.733333333333333,-0.5999999999999992,5.88,9.85502231298729,28.0654579785844,13.06,5.13
Blake Corum,4800,RB,LAR,DET,9.022,1.88,0.36666666666666664,1.1666666666666667,0.8,4.98,0.603060275135121,53.9806029818373,12.38,5.66
Bears,3500,DST,CHI,CLE,8.989,2.57,6.633333333333333,5.633333333333333,-0.9999999999999996,4.58,5.27751739447385,28.590721932831297,12.08,5.90
Jayden Reed,4500,WR,GB,DEN,8.974,1.99,4.433333333333334,4,-0.43333333333333346,5.75,1.28751016281235,48.7908953827051,12.85,5.09
Chimere Dike,4300,WR,TEN,SF,8.97,2.09,1.7000000000000002,3,1.2999999999999998,5.41,1.11917070803554,45.2126305188013,12.62,5.32
Devaughn Vele,4200,WR,NO,CAR,8.89,2.12,2.6,3.3000000000000003,0.7000000000000003,5.49,1.32224564897763,44.1382368860149,12.59,5.19
Keenan Allen,4800,WR,LAC,KC,8.843,1.84,2.0666666666666664,1.633333333333333,-0.43333333333333346,5.60,0.733858363864769,54.8045786472284,12.62,5.06
AJ Barner,3200,TE,SEA,IND,8.8,2.75,8.166666666666666,6.166666666666667,-1.9999999999999998,5.78,8.62574624617771,29.4547510420964,12.70,4.90
Texans,3600,DST,HOU,ARI,8.774,2.44,6.3,5.1,-1.2000000000000004,4.08,2.68391972275585,30.035175964135895,11.52,6.02
Michael Pittman Jr.,5100,WR,IND,SEA,8.77,1.72,0.6333333333333333,0.9333333333333335,0.3000000000000001,5.25,0.294144610128086,61.015685863756794,12.31,5.23
Jalen Coker,3900,WR,CAR,NO,8.746,2.24,2.7666666666666666,3.5999999999999996,0.8333333333333331,5.89,2.43193214858266,40.7004601677989,12.72,4.77
Ricky Pearsall,5100,WR,SF,TEN,8.708,1.71,2.166666666666667,2.1,-0.06666666666666661,6.05,0.814374977725933,59.9985804676063,12.79,4.63
Eagles,3800,DST,PHI,LV,8.648,2.28,6.066666666666666,3.033333333333333,-3.033333333333333,4.23,2.256583416382,35.8973364302181,11.50,5.80
David Montgomery,5000,RB,DET,LAR,8.593,1.72,0.6333333333333333,0.7000000000000001,0.0666666666666667,4.98,0.352385858563949,61.1352271159037,11.95,5.24
Jaguars,3900,DST,JAX,NYJ,8.575,2.20,5.533333333333333,3.6999999999999997,-1.8333333333333333,4.18,1.7717885825599502,38.5519457874458,11.39,5.76
49ers,4000,DST,SF,TEN,8.397,2.10,3.1333333333333333,2.3666666666666667,-0.7666666666666665,4.12,1.26640322862222,42.3260757438193,11.17,5.62
Darius Slayton,4400,WR,NYG,WAS,8.333,1.89,2,3.166666666666667,1.166666666666667,5.68,0.989841849255285,51.5953835021821,12.16,4.50
Romeo Doubs,4700,WR,GB,DEN,8.331,1.77,1.9,1.4333333333333333,-0.4666666666666666,5.60,0.637331310932893,56.7280675914677,12.11,4.55
Jerry Jeudy,4400,WR,CLE,CHI,8.128,1.85,1.3,1.7333333333333332,0.4333333333333333,5.38,0.629808254112376,53.1944749153724,11.76,4.50
Cooper Kupp,4100,WR,SEA,IND,7.951,1.94,2.833333333333333,2.566666666666667,-0.26666666666666644,5.71,1.20345495779843,49.2242672317011,11.80,4.10
DJ Moore,5000,WR,CHI,CLE,7.893,1.58,0.6,1.1333333333333333,0.5333333333333334,4.97,0.11808633711090999,66.4240603336848,11.24,4.54
Evan Engram,3100,TE,DEN,GB,7.788,2.51,4.366666666666666,3.833333333333333,-0.5333333333333335,5.00,4.18620278364064,31.941426377122202,11.16,4.41
Andrei Iosivas,4100,WR,CIN,BAL,7.768,1.89,1.4000000000000001,2.2333333333333334,0.8333333333333334,5.67,1.06009578487665,50.506420623770296,11.59,3.94
Kayshon Boutte,5000,WR,NE,BUF,7.757,1.55,0.5,1.2,0.7000000000000001,5.80,0.430667426965115,65.0462360453627,11.67,3.84
Elic Ayomanor,3500,WR,TEN,SF,7.659,2.19,2.6,2.533333333333333,-0.06666666666666661,5.18,1.17178137183426,40.4009869954431,11.15,4.16
Colston Loveland,3600,TE,CHI,CLE,7.575,2.10,2.4,2.6333333333333333,0.2333333333333333,5.41,3.13138141326749,43.1352635020402,11.22,3.93
Parker Washington,4700,WR,JAX,NYJ,7.385,1.57,0.9333333333333335,0.8,-0.1333333333333334,4.99,0.143132407541117,64.7778970862553,10.75,4.02
Mitch Tinsley,3100,WR,CIN,BAL,7.331,2.36,6.233333333333333,4.566666666666666,-1.6666666666666663,5.53,2.23273998417685,36.6266650819371,11.06,3.60
Panthers,3100,DST,CAR,NO,7.256,2.34,4.533333333333333,3.933333333333333,-0.6000000000000005,4.26,2.73578356710782,33.4977346846791,10.13,4.38
Gunnar Helm,2800,TE,TEN,SF,7.249,2.59,3.166666666666667,3.966666666666667,0.8,4.86,4.07247348153248,30.1506914564671,10.53,3.97
Tre Tucker,4200,WR,LV,PHI,7.243,1.72,0.8666666666666666,0.9666666666666667,0.10000000000000009,4.83,0.207827208502039,56.8824184408666,10.50,3.99
Rashid Shaheed,4600,WR,SEA,IND,7.217,1.57,2.433333333333333,1.4000000000000001,-1.0333333333333332,5.45,0.324792595506111,63.1057289230087,10.89,3.54
Luther Burden III,4800,WR,CHI,CLE,7.197,1.50,0.5666666666666667,0.6333333333333333,0.06666666666666661,5.18,0.155680211963698,67.3007855870072,10.69,3.70
Packers,2800,DST,GB,DEN,7.175,2.56,5,5.566666666666667,0.5666666666666667,4.28,3.9087235930825295,28.331192559726905,10.06,4.29
Giants,2700,DST,NYG,WAS,7.15,2.65,5.633333333333333,6.3,0.6666666666666667,4.38,4.70670826603744,27.1042632550105,10.10,4.20
Mack Hollins,4000,WR,NE,BUF,7.059,1.76,1.3,1.5333333333333332,0.2333333333333333,5.24,0.490119323467283,54.1118707793958,10.60,3.52
Chiefs,3300,DST,KC,LAC,7.008,2.12,3.833333333333333,2.6,-1.2333333333333332,4.05,1.38209635087534,39.4017665305242,9.74,4.28
Kimani Vidal,5700,RB,LAC,KC,6.963,1.22,0.1,0,-0.1,3.67,0.000263951986127609,90.0559686421018,9.44,4.49
Brian Robinson Jr.,4500,RB,SF,TEN,6.843,1.52,0.6333333333333333,0.36666666666666664,-0.26666666666666666,4.32,0.0618510650566009,67.4680226976666,9.76,3.93
Isiah Pacheco,4700,RB,KC,LAC,6.807,1.45,0.4,0.13333333333333333,-0.2666666666666667,3.93,0.011716848546925,73.5186877358314,9.46,4.15
Broncos,3400,DST,DEN,GB,6.672,1.96,0.8333333333333334,2.166666666666667,1.3333333333333335,4.26,1.29531134120315,45.2176522729,9.54,3.80
Saints,2500,DST,NO,CAR,6.662,2.66,4.833333333333333,6.633333333333333,1.7999999999999996,4.36,4.61670008594942,27.073337924197798,9.60,3.72
Chig Okonkwo,3300,TE,TEN,SF,6.644,2.01,1.0999999999999999,1.2666666666666666,0.16666666666666669,4.76,1.53764391442573,43.9527644820799,9.85,3.44
Samaje Perine,4200,RB,CIN,BAL,6.634,1.58,0.23333333333333336,0.5666666666666667,0.33333333333333337,3.80,0.0202456525256594,64.8157781726632,9.20,4.07
Alec Pierce,4900,WR,IND,SEA,6.547,1.34,0.5,0.6333333333333333,0.1333333333333333,5.20,0.091337317154867,73.1634309015029,10.06,3.04
Bills,2900,DST,BUF,NE,6.252,2.16,4,3.966666666666667,-0.03333333333333313,4.29,2.12388686892012,38.1729508389336,9.15,3.36
Browns,2700,DST,CLE,CHI,6.241,2.31,3.166666666666667,3.8,0.633333333333333,4.11,2.24394725664983,33.4050165043817,9.01,3.47
Isaiah Hodgins,3400,WR,NYG,WAS,6.219,1.83,1.0666666666666667,1.7999999999999998,0.7333333333333333,4.85,0.380232325957863,49.5175108570888,9.49,2.95
Ravens,3200,DST,BAL,CIN,6.094,1.90,1.5333333333333332,1.7000000000000002,0.16666666666666688,4.17,1.07825016568654,46.0437469925292,8.91,3.28
Chargers,2500,DST,LAC,KC,6.07,2.43,5.1,5.7,0.6000000000000005,4.17,2.86279123171768,30.984113112869498,8.88,3.26
Xavier Legette,3700,WR,CAR,NO,5.972,1.61,0.7000000000000001,1.3333333333333335,0.6333333333333334,4.74,0.166324796766986,57.6030435574724,9.17,2.78
Jeremy Ruckert,2500,TE,NYJ,JAX,5.958,2.38,2.2333333333333334,1.8333333333333333,-0.4,4.36,1.91050768492616,32.6739879617657,8.90,3.02
Josh Downs,4100,WR,IND,SEA,5.937,1.45,0.1,0.33333333333333337,0.23333333333333336,4.22,0.0207183973509331,67.3925532117792,8.78,3.09
Tre' Harris,3100,WR,LAC,KC,5.889,1.90,1.6666666666666667,1.5333333333333332,-0.1333333333333334,4.63,0.335492906728419,46.1377576251953,9.01,2.77
Jeremy McNichols,4100,RB,WAS,NYG,5.855,1.43,0.13333333333333333,0,-0.13333333333333333,4.04,0.026559182142690898,68.8581383658233,8.58,3.13
Noah Brown,3200,WR,WAS,NYG,5.846,1.83,1.6,1.9333333333333333,0.33333333333333337,4.92,0.451855161082776,48.6514950633164,9.16,2.53
Marvin Mims Jr.,3600,WR,DEN,GB,5.755,1.60,0.7000000000000001,0.9333333333333335,0.2333333333333334,4.35,0.070377087724296,58.05971817454411,8.69,2.82
Rams,3000,DST,LAR,DET,5.723,1.91,1.2666666666666666,2.1999999999999997,0.9333333333333332,4.30,1.37553072842724,45.1545907972567,8.62,2.82
Cardinals,2400,DST,ARI,HOU,5.691,2.37,2.3,4.3999999999999995,2.0999999999999996,4.37,3.25407409675968,32.9443880983799,8.64,2.74
Titans,2300,DST,TEN,SF,5.64,2.45,1.3666666666666667,4.166666666666666,2.8,4.68,4.59445341214274,32.5153620121706,8.79,2.49
Van Jefferson,3000,WR,TEN,SF,5.503,1.83,0.7000000000000001,1.6,0.9000000000000001,4.42,0.20233179444902302,47.2661607730089,8.48,2.52
Commanders,2600,DST,WAS,NYG,5.439,2.09,4.7,2.6333333333333333,-2.0666666666666664,4.09,1.57763316365956,38.4827359730333,8.20,2.68
Keaton Mitchell,4300,RB,BAL,CIN,5.293,1.23,0,0.1,0.1,3.53,0.00102997383802972,80.4465792170679,7.67,2.91
DeAndre Hopkins,3000,WR,BAL,CIN,5.157,1.72,2.5,1.7000000000000002,-0.8,4.42,0.159511030457523,50.3903300547759,8.14,2.17
Jets,2100,DST,NYJ,JAX,5.099,2.43,3.7666666666666666,4.8,1.0333333333333332,4.33,3.33794182661067,31.73077666702,8.02,2.18
Emari Demercado,4400,RB,ARI,HOU,5.078,1.15,0.13333333333333333,0.03333333333333333,-0.1,3.27,0.00011238754187559201,85.628501129093,7.29,2.87
Colts,2200,DST,IND,SEA,5.022,2.28,2.1333333333333333,5.066666666666666,2.933333333333333,4.13,2.28824234707109,33.6713611622374,7.81,2.23
Joshua Palmer,3500,WR,BUF,NE,4.88,1.39,0.8,0.3,-0.5,4.30,0.0364632772212588,63.8173710284068,7.78,1.98
Jack Bech,3200,WR,LV,PHI,4.878,1.52,0.5,0.7000000000000001,0.2,3.92,0.0214840424238076,58.1066056241349,7.52,2.23
Michael Mayer,2900,TE,LV,PHI,4.767,1.64,0.26666666666666666,0.7000000000000001,0.4333333333333333,3.79,0.158299446677674,52.03318042080489,7.32,2.21
Ty Johnson,4500,RB,BUF,NE,4.715,1.05,0.26666666666666666,0.1,-0.16666666666666666,3.75,0.0008905274835342421,86.2070444453623,7.24,2.19
Bhayshul Tuten,4500,RB,JAX,NYJ,4.698,1.04,0.03333333333333333,0.03333333333333333,0,3.27,0.0000416345013860564,89.531800801296,6.90,2.49
Dawson Knox,3000,TE,BUF,NE,4.675,1.56,0.46666666666666673,0.6333333333333333,0.1666666666666666,4.27,0.345852654858675,54.89515069372061,7.55,1.80
Raiders,2000,DST,LV,PHI,4.65,2.32,4.766666666666667,3.733333333333334,-1.0333333333333332,3.85,1.7027684091635,31.5239978251258,7.24,2.06
Christian Kirk,3200,WR,HOU,ARI,4.628,1.45,0.8333333333333334,0.7000000000000001,-0.1333333333333333,4.05,0.026478294578524197,60.230731497301306,7.36,1.89
Emanuel Wilson,4400,RB,GB,DEN,4.393,1.00,0,0.03333333333333333,0.03333333333333333,3.32,0.00005658039870581889,89.5179742311653,6.63,2.15
Tim Patrick,3700,WR,JAX,NYJ,4.357,1.18,0.13333333333333333,0.13333333333333333,0,4.02,0.00566018451925743,73.4812324978342,7.07,1.64
Patriots,2800,DST,NE,BUF,4.269,1.52,1.5333333333333332,1.2,-0.3333333333333332,4.10,0.53626292355888,54.384773794275,7.03,1.51
Ja'Tavion Sanders,2500,TE,CAR,NO,4.256,1.70,1.0333333333333332,0.8666666666666666,-0.16666666666666669,4.16,0.487816007360138,47.5434706911449,7.06,1.45
Mason Tipton,3000,WR,NO,CAR,4.202,1.40,0.4,0.6,0.2,3.61,0.00530460632481322,60.8851526740781,6.64,1.77
Luke Musgrave,2500,TE,GB,DEN,4.135,1.65,0.5333333333333333,0.7000000000000001,0.16666666666666669,4.00,0.330243654620091,48.6493564494027,6.83,1.44
Keon Coleman,3800,WR,BUF,NE,4.125,1.09,0.36666666666666664,0.03333333333333333,-0.3333333333333333,3.99,0.00303248872521067,77.3627660270927,6.82,1.44
Isaac TeSlaa,3500,WR,DET,LAR,4.111,1.17,0.13333333333333333,0.2,0.06666666666666668,3.95,0.00552580031974514,71.8639577310857,6.78,1.44
Kyle Juszczyk,4000,RB,SF,TEN,4.089,1.02,0.03333333333333333,0.13333333333333333,0.1,3.22,0.0000723559647468619,86.2300286543343,6.26,1.92
Lions,2600,DST,DET,LAR,4.039,1.55,0.7666666666666666,1.3,0.5333333333333333,4.01,0.550967912895104,51.9994793421226,6.75,1.33
Bengals,2400,DST,CIN,BAL,4.02,1.67,2.566666666666667,1.7666666666666668,-0.8,4.09,0.8568344595742161,47.4653880278376,6.78,1.26
Cedric Tillman,3200,WR,CLE,CHI,3.973,1.24,0,0,0,3.76,0.00462398285655752,67.4979782063918,6.51,1.44
DeMario Douglas,3500,WR,NE,BUF,3.961,1.13,0.5,0.26666666666666666,-0.23333333333333336,3.80,0.00245775904545553,73.933881263344,6.53,1.40
Tyquan Thornton,3000,WR,KC,LAC,3.927,1.31,0.46666666666666673,0.46666666666666673,0,4.05,0.0215852725524712,62.3191677622368,6.66,1.19
Demarcus Robinson,3000,WR,SF,TEN,3.866,1.29,0.33333333333333337,0.2,-0.13333333333333336,4.14,0.026623010752615497,62.6403402068259,6.66,1.07
Cole Kmet,2600,TE,CHI,CLE,3.84,1.48,0.8333333333333334,0.36666666666666664,-0.4666666666666666,3.72,0.10775867087051,54.289872614419,6.35,1.33
Davis Allen,2500,TE,LAR,DET,3.837,1.53,0.26666666666666666,0.5,0.23333333333333336,3.90,0.21211323413462,51.6695556190053,6.47,1.20
Isaiah Bond,3000,WR,CLE,CHI,3.812,1.27,0.16666666666666669,0.16666666666666669,0,3.56,0.00263524728218556,65.1711996807694,6.21,1.41
Andre Baccellia,3000,WR,ARI,HOU,3.8,1.27,0.5333333333333333,0.4,-0.1333333333333333,3.74,0.00588959451025062,64.5964244044707,6.32,1.28
Xavier Hutchinson,3000,WR,HOU,ARI,3.717,1.24,0.4,0.2,-0.2,3.70,0.00456308657400939,65.5698138577645,6.21,1.22
Raheim Sanders,4000,RB,CLE,CHI,3.697,0.92,0,0,0,2.81,7.979194123208801e-7,91.7274767852269,5.59,1.80
Isaiah Davis,4000,RB,NYJ,JAX,3.67,0.92,0,0.06666666666666667,0.06666666666666667,2.74,2.96215560524615e-7,92.4420623601511,5.52,1.82
Noah Fant,2800,TE,CIN,BAL,3.643,1.30,0.23333333333333336,0.26666666666666666,0.033333333333333305,3.60,0.0394311365810722,61.7641627879234,6.07,1.22
Ben Sinnott,2700,TE,WAS,NYG,3.591,1.33,0.6333333333333333,0.2,-0.4333333333333333,3.71,0.0676477965208449,59.4711894696337,6.09,1.09
Tutu Atwell,3300,WR,LAR,DET,3.553,1.08,0.16666666666666669,0.3,0.13333333333333333,3.82,0.00287890542681168,73.2255094080131,6.13,0.98
JuJu Smith-Schuster,3000,WR,KC,LAC,3.549,1.18,0.26666666666666666,0.4,0.13333333333333336,3.71,0.00392354165079212,67.1875723376444,6.05,1.05
Raheem Mostert,4300,RB,LV,PHI,3.503,0.81,0,0,0,2.70,2.28917258482397e-8,96.2897143546233,5.32,1.68
John Bates,2900,TE,WAS,NYG,3.481,1.20,0.06666666666666667,0.2,0.13333333333333336,3.49,0.0173574442566178,66.4239019131836,5.83,1.13
Taysom Hill,2700,TE,NO,CAR,3.469,1.28,0.33333333333333337,0.16666666666666669,-0.16666666666666669,3.47,0.00883557413901315,61.461822855451,5.81,1.13
Noah Gray,2500,TE,KC,LAC,3.468,1.39,0.9333333333333335,0.4,-0.5333333333333334,3.65,0.079777911379125,55.7896525392946,5.93,1.00
Tyrell Shavers,3000,WR,BUF,NE,3.437,1.15,0.23333333333333336,0.4,0.16666666666666666,3.58,0.00185171971644138,68.8896416475344,5.85,1.02
Jaylin Noel,3000,WR,HOU,ARI,3.429,1.14,0.46666666666666673,0.5666666666666667,0.1,3.65,0.00265318048244012,68.6039778699684,5.89,0.96
Dontayvion Wicks,3700,WR,GB,DEN,3.402,0.92,0,0,0,3.54,0.00015746257400906,83.7397849365972,5.79,1.02
Lil'Jordan Humphrey,3000,WR,DEN,GB,3.399,1.13,0.1,0.26666666666666666,0.16666666666666666,3.48,0.00103300393206496,69.7767846563315,5.74,1.05
Malachi Corley,3000,WR,CLE,CHI,3.372,1.12,0.03333333333333333,0.13333333333333333,0.1,3.37,0.000552308574739868,70.6083601687252,5.65,1.10
Elijah Higgins,2500,TE,ARI,HOU,3.364,1.35,0.33333333333333337,0.06666666666666667,-0.2666666666666667,3.45,0.0378184846357783,57.30460563551429,5.69,1.03
Daniel Bellinger,2500,TE,NYG,WAS,3.354,1.34,0.16666666666666669,0.26666666666666666,0.09999999999999998,3.55,0.0522129137892335,57.21485971087999,5.75,0.96
Isaiah Williams,3000,WR,NYJ,JAX,3.339,1.11,0,0.26666666666666666,0.26666666666666666,3.31,0.000346048993719705,71.3291373278531,5.57,1.11
Anthony Firkser,2500,TE,DET,LAR,3.295,1.32,0.13333333333333333,0.23333333333333336,0.10000000000000002,3.42,0.0310680232717715,58.1677733058793,5.60,0.99
Will Shipley,4100,RB,PHI,LV,3.289,0.80,0,0,0,2.72,5.72060230297211e-8,95.2924892166655,5.12,1.46
Brashard Smith,4000,RB,KC,LAC,3.258,0.81,0.03333333333333333,0,-0.03333333333333333,3.03,0.00000341012658111595,92.4157672070315,5.30,1.22
Jalen Brooks,3300,WR,ARI,HOU,3.192,0.97,0.1,0.03333333333333333,-0.06666666666666668,3.38,0.000161531082014221,79.0345730220542,5.47,0.91
Dare Ogunbowale,4000,RB,HOU,ARI,3.189,0.80,0,0.03333333333333333,0.03333333333333333,3.01,0.00000261893818276349,92.8250639287503,5.22,1.16
Olamide Zaccheaus,3300,WR,CHI,CLE,3.186,0.97,0,0.1,0.1,3.32,0.000107673701663202,79.4823215751498,5.43,0.95
Tyler Badie,4000,RB,DEN,GB,3.143,0.79,0,0,0,2.61,1.54367825189183e-8,95.5859474857977,4.91,1.38
Jaleel McLaughlin,4000,RB,DEN,GB,3.136,0.78,0.06666666666666667,0.03333333333333333,-0.03333333333333333,2.67,3.63682488568884e-8,95.2560101702553,4.94,1.33
Tyler Lockett,3400,WR,LV,PHI,3.092,0.91,0.06666666666666667,0,-0.06666666666666667,3.18,0.0000222420744933061,83.2491420218862,5.24,0.95
Rasheen Ali,4000,RB,BAL,CIN,3.024,0.76,0.03333333333333333,0.03333333333333333,0,2.78,1.1740266359083802e-7,95.0393115882072,4.90,1.15
Adam Trautman,2500,TE,DEN,GB,2.852,1.14,0,0.13333333333333333,0.13333333333333333,3.08,0.00409855335399811,64.5146065131322,4.93,0.77
Tommy Tremble,2500,TE,CAR,NO,2.828,1.13,0.13333333333333333,0.46666666666666673,0.33333333333333337,3.22,0.00773926849734607,64.2217264524171,5.00,0.66
LeQuint Allen Jr.,4000,RB,JAX,NYJ,2.812,0.70,0.03333333333333333,0,-0.03333333333333333,2.40,1.23719701150549e-10,97.7134401576116,4.43,1.20
Terrance Ferguson,2500,TE,LAR,DET,2.8,1.12,0.9666666666666667,0.13333333333333333,-0.8333333333333334,3.27,0.00967519012183971,64.3072687529987,5.01,0.59
Chris Brooks,4000,RB,GB,DEN,2.796,0.70,0.03333333333333333,0,-0.03333333333333333,2.70,2.56079175642299e-8,96.221486776698,4.62,0.97
Treylon Burks,3000,WR,WAS,NYG,2.719,0.91,0.1,0.2,0.1,3.36,0.000197744996228266,77.0134847335119,4.98,0.46
Brandin Cooks,3100,WR,BUF,NE,2.633,0.85,0,0.13333333333333333,0.13333333333333333,3.02,0.00000821787335780755,82.3718396266365,4.67,0.60
Cade Stover,2500,TE,HOU,ARI,2.591,1.04,0.1,0.06666666666666667,-0.03333333333333334,3.19,0.00489868761520995,67.0898345778313,4.74,0.44
Tank Bigsby,4600,RB,PHI,LV,2.487,0.54,0,0,0,2.33,0,99.7553922940415,4.06,0.92
Foster Moreau,2500,TE,NO,CAR,2.473,0.99,0.06666666666666667,0.1,0.03333333333333334,3.09,0.00257830190037112,68.9173631474755,4.56,0.39
Jahan Dotson,3000,WR,PHI,LV,2.45,0.82,0.03333333333333333,0.03333333333333333,0,3.09,0.0000173250301429562,81.3253078183955,4.53,0.36
Chase Edmonds,4000,RB,WAS,NYG,2.334,0.58,0,0,0,2.56,7.07203184902028e-10,98.0329640496332,4.06,0.61
Matthew Golden,3600,WR,GB,DEN,2.317,0.64,0.03333333333333333,0,-0.03333333333333333,3.03,5.60745178290745e-7,92.2951832674278,4.36,0.27
Gage Larvadain,3000,WR,CLE,CHI,2.264,0.75,0,0,0,2.74,3.19410148108545e-7,85.765052283074,4.11,0.41
Austin Hooper,2500,TE,NE,BUF,2.156,0.86,0.13333333333333333,0.1,-0.033333333333333326,2.96,0.000734672965648997,73.3045661903841,4.16,0.16
Colson Yankoff,2500,TE,WAS,NYG,2.095,0.84,0.6,0.13333333333333333,-0.46666666666666673,2.74,0.000129057657474618,75.6133734557019,3.95,0.24
Mitchell Evans,2500,TE,CAR,NO,2.07,0.83,0.03333333333333333,0.1,0.06666666666666668,2.72,0.00009677797184792782,76.1303277752497,3.90,0.24
Tanner Hudson,2500,TE,CIN,BAL,2.061,0.82,0.06666666666666667,0.1,0.03333333333333334,2.79,0.00017497435483449,75.6575813235304,3.94,0.18
Josh Whyle,2500,TE,GB,DEN,2.046,0.82,0.36666666666666664,0.06666666666666667,-0.3,2.67,0.0000615421708687336,76.7845813546904,3.85,0.24
Kalif Raymond,3400,WR,DET,LAR,2.031,0.60,0,0,0,2.76,2.77732397080399e-8,93.25715716498,3.89,0.17
John FitzPatrick,2500,TE,GB,DEN,2.008,0.80,0.06666666666666667,0.1,0.03333333333333334,2.65,0.0000474692149907696,77.3814440130293,3.80,0.22
Charlie Kolar,2500,TE,BAL,CIN,1.974,0.79,0.03333333333333333,0.06666666666666667,0.03333333333333333,2.95,0.000511755527327296,75.3727794544706,3.97,-0.02
Jordan Whittington,3000,WR,LAR,DET,1.972,0.66,0.03333333333333333,0.03333333333333333,0,2.96,0.00000214388124675224,86.2068647587052,3.97,-0.03
Shane Zylstra,2500,TE,DET,LAR,1.94,0.78,0.13333333333333333,0,-0.13333333333333333,3.00,0.000655573395391684,75.4127130406114,3.96,-0.08
Kyle Williams,3000,WR,NE,BUF,1.891,0.63,0,0.06666666666666667,0.06666666666666667,2.67,5.376480771701611e-8,89.1977352899836,3.70,0.09
British Brooks,4000,RB,HOU,ARI,1.812,0.45,0,0,0,1.89,0,99.8913550648909,3.09,0.54
Ameer Abdullah,4000,RB,IND,SEA,1.799,0.45,0,0,0,1.96,0,99.8461488685581,3.12,0.48
Blake Whiteheart,2500,TE,CLE,CHI,1.785,0.71,0.06666666666666667,0,-0.06666666666666667,2.37,0.00000131095870870013,82.453738804061,3.39,0.18
Robbie Ouzts,4000,RB,SEA,IND,1.777,0.44,0,0,0,1.94,0,99.8624787742122,3.09,0.46
Tylan Wallace,3000,WR,BAL,CIN,1.756,0.59,0.03333333333333333,0.03333333333333333,0,2.68,4.2723129922706e-8,90.0589602778033,3.56,-0.05
Xavier Smith,3000,WR,LAR,DET,1.713,0.57,0.06666666666666667,0,-0.06666666666666667,2.46,1.12171960608975e-9,92.142224496158,3.38,0.05
Kendrick Bourne,3800,WR,SF,TEN,1.653,0.43,0,0.03333333333333333,0.03333333333333333,2.51,8.45545855554519e-12,98.545709166759,3.34,-0.04
Devontez Walker,3000,WR,BAL,CIN,1.642,0.55,0,0.03333333333333333,0.03333333333333333,2.67,2.77213274557653e-8,90.8729248005544,3.44,-0.16
Luke Farrell,2500,TE,SF,TEN,1.598,0.64,0.1,0.13333333333333333,0.033333333333333326,2.46,0.0000025365340263761,83.5621607784472,3.26,-0.06
Michael Carter,4200,RB,ARI,HOU,1.597,0.38,0,0.03333333333333333,0.03333333333333333,2.04,0,99.9240020755244,2.98,0.22
Evan Hull,4000,RB,NO,CAR,1.588,0.40,0,0,0,1.51,0,99.9967299905892,2.60,0.57
Darius Cooper,3000,WR,PHI,LV,1.56,0.52,0,0,0,2.36,8.54782911119401e-11,93.8657384599561,3.15,-0.03
James Proche,3000,WR,TEN,SF,1.55,0.52,0,0.03333333333333333,0.03333333333333333,2.39,1.60781610247795e-10,93.6701824341146,3.16,-0.06
Dont'e Thornton Jr.,3000,WR,LV,PHI,1.541,0.51,0,0,0,2.22,3.2827074392116596e-12,95.0162755811138,3.04,0.04
Drew Sample,2500,TE,CIN,BAL,1.537,0.61,0,0,0,2.29,2.02558197770486e-7,85.9062811734853,3.08,-0.01
Allen Lazard,3000,WR,NYJ,JAX,1.515,0.50,0,0,0,2.27,9.40758582146373e-12,94.7911098170776,3.04,-0.02
Trevor Etienne,4000,RB,CAR,NO,1.505,0.38,0,0,0,1.85,0,99.9503250829034,2.75,0.26
Jaylin Lane,3000,WR,WAS,NYG,1.442,0.48,0.2,0.6,0.4,2.46,5.28075361216906e-10,93.630778576767,3.10,-0.22
Savion Williams,3000,WR,GB,DEN,1.322,0.44,0,0,0,2.16,3.12638803734444e-13,96.3395562832473,2.78,-0.14
Nick Kallerup,2500,TE,SEA,IND,1.283,0.51,0.03333333333333333,0,-0.03333333333333333,2.22,3.0477110612992e-8,88.9869271266294,2.78,-0.21
Adam Prentice,4000,RB,DEN,GB,1.267,0.32,0,0,0,1.80,0,99.978223259672,2.48,0.05
Jackson Hawes,2500,TE,BUF,NE,1.258,0.50,0.23333333333333336,0.03333333333333333,-0.2,2.10,2.74114597687003e-9,90.4615836111962,2.67,-0.16
Nate Adkins,2500,TE,DEN,GB,1.24,0.50,0,0,0,2.14,5.88910609167215e-9,90.1827673488378,2.68,-0.20
Mo Alie-Cox,2500,TE,IND,SEA,1.229,0.49,0,0,0,2.03,5.50855361325375e-10,91.4126773265005,2.60,-0.14
Jimmy Horn Jr.,3000,WR,CAR,NO,1.197,0.40,0,0,0,2.19,4.12114786740858e-13,96.6199877685941,2.67,-0.28
Cody White,3000,WR,SEA,IND,1.166,0.39,0,0,0,2.10,0,97.2484776786503,2.58,-0.25
Quintin Morris,2500,TE,JAX,NYJ,1.161,0.46,0,0,0,1.98,1.35997879624483e-10,92.4247871532504,2.50,-0.17
Stone Smartt,2500,TE,NYJ,JAX,1.144,0.46,0.13333333333333333,0,-0.13333333333333333,1.97,9.74296199274249e-11,92.6579226294178,2.47,-0.18
Andrew Beck,4000,RB,NYJ,JAX,1.074,0.27,0,0,0,1.58,0,99.9981321990054,2.14,0.01
Eric Saubert,2500,TE,SEA,IND,1.037,0.41,0,0,0,1.96,5.49675860384014e-11,93.4503682119639,2.36,-0.29
Konata Mumpfield,3000,WR,LAR,DET,0.919,0.31,0,0,0,1.95,0,98.60611851621,2.23,-0.39
Trent Sherfield Sr.,3000,WR,ARI,HOU,0.917,0.31,0,0,0,1.82,0,99.0613742372294,2.15,-0.31
Trayveon Williams,4000,RB,CLE,CHI,0.885,0.22,0,0,0,1.27,0,99.9999932043533,1.74,0.03
Grant Calcaterra,2500,TE,PHI,LV,0.879,0.35,0,0,0,1.86,1.47792889038101e-12,95.3496285568989,2.13,-0.37
Will Dissly,2500,TE,LAC,KC,0.817,0.33,0.03333333333333333,0,-0.03333333333333333,1.60,0,97.6339444214728,1.90,-0.27
Jake Tonges,2500,TE,SF,TEN,0.786,0.31,0.23333333333333336,0.3,0.06666666666666665,1.86,1.17950094136177e-12,95.7749031446909,2.04,-0.47
Harrison Bryant,2500,TE,HOU,ARI,0.751,0.30,0,0.03333333333333333,0.03333333333333333,1.77,0,96.6446623709096,1.95,-0.45
Ray Davis,4000,RB,BUF,NE,0.734,0.18,0,0,0,1.42,0,99.9999374727692,1.69,-0.22
Eric Gray,4000,RB,NYG,WAS,0.712,0.18,0,0,0,1.27,0,99.999996869368,1.57,-0.15
Dante Pettis,3000,WR,NO,CAR,0.689,0.23,0,0,0,1.65,0,99.6900831979625,1.80,-0.42
Brycen Tremayne,3000,WR,CAR,NO,0.682,0.23,0,0,0,1.60,0,99.7645777957874,1.76,-0.40
James Mitchell,2500,TE,CAR,NO,0.65,0.26,0,0,0,1.52,0,98.6080814635532,1.68,-0.38
KeAndre Lambert-Smith,3000,WR,LAC,KC,0.616,0.21,0,0,0,1.58,0,99.8161142539567,1.68,-0.45
LaJohntay Wester,3000,WR,BAL,CIN,0.597,0.20,0,0,0,1.59,0,99.8094077722575,1.67,-0.48
Josiah Deguara,2500,TE,ARI,HOU,0.572,0.23,0,0,0,1.49,0,98.9196681004087,1.58,-0.43
Jack Stoll,2500,TE,NO,CAR,0.561,0.22,0,0,0,1.45,0,99.1191549195641,1.54,-0.42
Robert Tonyan,2500,TE,KC,LAC,0.547,0.22,0,0,0,1.50,0,98.9382524471156,1.56,-0.46
Kevin Austin Jr.,3000,WR,NO,CAR,0.537,0.18,0,0,0,1.49,0,99.9138401593737,1.54,-0.47
Charlie Jones,3000,WR,CIN,BAL,0.507,0.17,0,0,0,1.41,0,99.9566965001694,1.46,-0.44
Drew Ogletree,2500,TE,IND,SEA,0.483,0.19,0,0,0,1.19,0,99.8490060489501,1.28,-0.32
Michael Bandy,3000,WR,DEN,GB,0.458,0.15,0,0,0,1.22,0,99.9949939453702,1.28,-0.36
Tyler Goodson,4000,RB,IND,SEA,0.441,0.11,0,0,0,0.88,0,100,1.04,-0.16
Durham Smythe,2500,TE,CHI,CLE,0.436,0.17,0,0,0,1.23,0,99.8139313053801,1.26,-0.39
David Martin-Robinson,2500,TE,TEN,SF,0.397,0.16,0,0,0,1.12,0,99.9339799013739,1.15,-0.36
Jelani Woods,2500,TE,NYJ,JAX,0.358,0.14,0,0,0,1.16,0,99.9150247560301,1.14,-0.42
Brenden Bates,2500,TE,CLE,CHI,0.334,0.13,0,0,0,0.95,0,99.9938851804704,0.98,-0.31
Jake Bobo,3000,WR,SEA,IND,0.317,0.11,0,0,0,1.14,0,99.9990290047246,1.09,-0.45
Nikko Remigio,3000,WR,KC,LAC,0.285,0.09,0,0,0,1.06,0,99.9998065522607,1.00,-0.43
Jalen Royals,3000,WR,KC,LAC,0.284,0.09,0,0,0,1.10,0,99.9995998808261,1.03,-0.46
Laquon Treadwell,3000,WR,IND,SEA,0.28,0.09,0,0,0,1.04,0,99.9998837949275,0.98,-0.42
Skyy Moore,3000,WR,SF,TEN,0.262,0.09,0,0,0,1.01,0,99.9999463454859,0.94,-0.42
Dalen Cambre,3000,WR,NYG,WAS,0.249,0.08,0,0,0,1.01,0,99.9999511960206,0.93,-0.43
Shedrick Jackson,3000,WR,LV,PHI,0.243,0.08,0.03333333333333333,0,-0.03333333333333333,0.95,0,99.9999898914783,0.89,-0.40
Dyami Brown,3000,WR,JAX,NYJ,0.23,0.08,0.03333333333333333,0.16666666666666669,0.13333333333333336,0.60,0,100,0.63,-0.17
Tom Kennedy,3000,WR,DET,LAR,0.217,0.07,0,0,0,1.05,0,99.9998848564643,0.93,-0.49
Mason Kinsey,3000,WR,TEN,SF,0.208,0.07,0,0,0,0.93,0,99.9999962240273,0.83,-0.42
Kylen Granson,2500,TE,PHI,LV,0.196,0.08,0,0,0,0.83,0,99.9997503317826,0.76,-0.37
Kalel Mullings,4000,RB,TEN,SF,0.195,0.05,0,0,0,0.89,0,100,0.79,-0.40
Julius Chestnut,4000,RB,TEN,SF,0.195,0.05,0,0,0,0.72,0,100,0.68,-0.29
Jawhar Jordan,4000,RB,HOU,ARI,0.184,0.05,0,0,0,0.60,0,100,0.59,-0.22
D'Ernest Johnson,4000,RB,NE,BUF,0.179,0.04,0,0,0,0.74,0,100,0.68,-0.32
Dylan Laube,4000,RB,LV,PHI,0.171,0.04,0,0,0,0.61,0,100,0.59,-0.24
Pharaoh Brown,2500,TE,ARI,HOU,0.171,0.07,0,0,0,0.72,0,99.9999944270363,0.66,-0.32
Jack Westover,4000,RB,NE,BUF,0.169,0.04,0,0,0,0.70,0,100,0.64,-0.31
Cameron Latu,2500,TE,PHI,LV,0.154,0.06,0,0,0,0.14,0,100,0.25,0.06
Tyler Conklin,2500,TE,LAC,KC,0.136,0.05,0,0,0,0.70,0,99.9999979690455,0.61,-0.34
Britain Covey,3000,WR,PHI,LV,0.103,0.03,0,0,0,0.08,0,100,0.16,0.05
Ronnie Rivers,4000,RB,LAR,DET,0.1,0.02,0,0,0,0.00,0,-2146826252,-2146826252.00,-2146826252.00
Tahj Brooks,4000,RB,CIN,BAL,0.095,0.02,0,0,0,0.42,0,100,0.38,-0.19
Arian Smith,3000,WR,NYJ,JAX,0.092,0.03,0,0,0,0.55,0,100,0.46,-0.28
Sione Vaki,4000,RB,DET,LAR,0.091,0.02,0,0,0,0.45,0,100,0.40,-0.21
Kaden Davis,3000,WR,CLE,CHI,0.091,0.03,0,0,0,0.41,0,100,0.37,-0.18
Chris Manhertz,2500,TE,NYG,WAS,0.086,0.03,0,0,0,0.60,0,99.9999999975752,0.49,-0.32
Jacob Saylors,4000,RB,DET,LAR,0.085,0.02,0,0,0,0.48,0,100,0.41,-0.24
Corey Kiner,4000,RB,ARI,HOU,0.082,0.02,0,0,0,0.39,0,100,0.35,-0.18
Coleman Owen,3000,WR,IND,SEA,0.081,0.03,0,0,0,0.56,0,100,0.46,-0.30
Austin Trammell,3000,WR,JAX,NYJ,0.08,0.03,0,0,0,0.50,0,100,0.42,-0.26
Devin Duvernay,3000,WR,CHI,CLE,0.077,0.03,0,0,0,0.65,0,99.9999999999998,0.52,-0.36
Giovanni Ricci,2500,TE,DET,LAR,0.076,0.03,0,0,0,0.65,0,99.9999999367031,0.51,-0.36
Jalin Hyatt,3000,WR,NYG,WAS,0.073,0.02,0,0,0,0.52,0,100,0.42,-0.28
Patrick Ricard,4000,RB,BAL,CIN,0.073,0.02,0,0,0,0.41,0,100,0.35,-0.20
Reggie Gilliam,4000,RB,BUF,NE,0.072,0.02,0,0,0,0.45,0,100,0.37,-0.23
Hassan Haskins,4000,RB,LAC,KC,0.07,0.02,0,0,0,0.36,0,100,0.32,-0.18
Scott Matlock,4000,RB,LAC,KC,0.065,0.02,0,0,0,0.45,0,100,0.37,-0.24
Tee Higgins,6500,WR,CIN,BAL,0,0.00,0,3.266666666666666,3.266666666666666,,,,,
Jayden Daniels,6000,QB,WAS,NYG,0,0.00,0,6.133333333333333,6.133333333333333,,,,,
Marvin Harrison Jr.,5600,WR,ARI,HOU,0,0.00,0,0,0,,,,,
Alvin Kamara,5500,RB,NO,CAR,0,0.00,0,0,0,,,,,
Trey Benson,5400,RB,ARI,HOU,0,0.00,0,0,0,,,,,
Quentin Johnston,4900,WR,LAC,KC,0,0.00,0,0.46666666666666673,0.46666666666666673,,,,,
Chris Rodriguez Jr.,4900,RB,WAS,NYG,0,0.00,0,5.666666666666666,5.666666666666666,,,,,
Joe Mixon,4800,RB,HOU,ARI,0,0.00,0,0,0,,,,,
Tyrod Taylor,4800,QB,NYJ,JAX,0,0.00,0,0.33333333333333337,0.33333333333333337,,,,,
Justin Fields,4800,QB,NYJ,JAX,0,0.00,0,0,0,,,,,
Nick Chubb,4600,RB,HOU,ARI,0,0.00,0,0.03333333333333333,0.03333333333333333,,,,,
Brandon Aiyuk,4600,WR,SF,TEN,0,0.00,0,0,0,,,,,
Geno Smith,4500,QB,LV,PHI,0,0.00,0,0.5333333333333333,0.5333333333333333,,,,,
Riley Leonard,4400,QB,IND,SEA,0,0.00,0,0.2,0.2,,,,,
Anthony Richardson Sr.,4400,QB,IND,SEA,0,0.00,0,0,0,,,,,
Dylan Sampson,4300,RB,CLE,CHI,0,0.00,0,0.06666666666666667,0.06666666666666667,,,,,
Trey Lance,4300,QB,LAC,KC,0,0.00,0,0,0,,,,,
Jaret Patterson,4200,RB,LAC,KC,0,0.00,0,0,0,,,,,
Tyson Bagent,4000,QB,CHI,CLE,0,0.00,0,0,0,,,,,
Case Keenum,4000,QB,CHI,CLE,0,0.00,0,0,0,,,,,
Dillon Gabriel,4000,QB,CLE,CHI,0,0.00,0,0,0,,,,,
Deshaun Watson,4000,QB,CLE,CHI,0,0.00,0,0,0,,,,,
Bailey Zappe,4000,QB,CLE,CHI,0,0.00,0,0,0,,,,,
Travis Homer,4000,RB,CHI,CLE,0,0.00,0,0,0,,,,,
Roschon Johnson,4000,RB,CHI,CLE,0,0.00,0,0,0,,,,,
Deion Hankins,4000,RB,CHI,CLE,0,0.00,0,0,0,,,,,
Brittain Brown,4000,RB,CHI,CLE,0,0.00,0,0,0,,,,,
Jerome Ford,4000,RB,CLE,CHI,0,0.00,0,0,0,,,,,
Ahmani Marshall,4000,RB,CLE,CHI,0,0.00,0,0,0,,,,,
Joe Flacco,4000,QB,CIN,BAL,0,0.00,0,0,0,,,,,
Jake Browning,4000,QB,CIN,BAL,0,0.00,0,0,0,,,,,
Sean Clifford,4000,QB,CIN,BAL,0,0.00,0,0,0,,,,,
Tyler Huntley,4000,QB,BAL,CIN,0,0.00,0,0,0,,,,,
Cooper Rush,4000,QB,BAL,CIN,0,0.00,0,0,0,,,,,
Kendall Milton,4000,RB,CIN,BAL,0,0.00,0,0,0,,,,,
Gary Brightwell,4000,RB,CIN,BAL,0,0.00,0,0,0,,,,,
Justice Hill,4000,RB,BAL,CIN,0,0.00,0,0,0,,,,,
Lucas Scott,4000,RB,BAL,CIN,0,0.00,0,0,0,,,,,
Jonathan Ward,4000,RB,BAL,CIN,0,0.00,0,0,0,,,,,
Davis Mills,4000,QB,HOU,ARI,0,0.00,0,0,0,,,,,
Graham Mertz,4000,QB,HOU,ARI,0,0.00,0,0,0,,,,,
Kedon Slovis,4000,QB,ARI,HOU,0,0.00,0,0,0,,,,,
Kyler Murray,4000,QB,ARI,HOU,0,0.00,0,0,0,,,,,
Jeff Driskel,4000,QB,ARI,HOU,0,0.00,0,0,0,,,,,
James Conner,4000,RB,ARI,HOU,0,0.00,0,0,0,,,,,
Jermar Jefferson,4000,RB,ARI,HOU,0,0.00,0,0,0,,,,,
Nick Mullens,4000,QB,JAX,NYJ,0,0.00,0,0,0,,,,,
Carter Bradley,4000,QB,JAX,NYJ,0,0.00,0,0,0,,,,,
Braelon Allen,4000,RB,NYJ,JAX,0,0.00,0,0,0,,,,,
Kene Nwangwu,4000,RB,NYJ,JAX,0,0.00,0,0,0,,,,,
Khalil Herbert,4000,RB,NYJ,JAX,0,0.00,0,0,0,,,,,
Ja'Quinden Jackson,4000,RB,JAX,NYJ,0,0.00,0,0,0,,,,,
Gardner Minshew II,4000,QB,KC,LAC,0,0.00,0,0,0,,,,,
Chris Oladokun,4000,QB,KC,LAC,0,0.00,0,0,0,,,,,
DJ Uiagalelei,4000,QB,LAC,KC,0,0.00,0,0,0,,,,,
Eli Mitchell,4000,RB,KC,LAC,0,0.00,0,0,0,,,,,
Keaontay Ingram,4000,RB,KC,LAC,0,0.00,0,0,0,,,,,
Dameon Pierce,4000,RB,KC,LAC,0,0.00,0,0,0,,,,,
Clyde Edwards-Helaire,4000,RB,KC,LAC,0,0.00,0,0,0,,,,,
Carson Steele,4000,RB,KC,LAC,0,0.00,0,0,0,,,,,
Najee Harris,4000,RB,LAC,KC,0,0.00,0,0,0,,,,,
Amar Johnson,4000,RB,LAC,KC,0,0.00,0,0,0,,,,,
Royce Freeman,4000,RB,LAC,KC,0,0.00,0,0,0,,,,,
Hollywood Brown,4000,WR,KC,LAC,0,0.00,0,0.4333333333333333,0.4333333333333333,,,,,
Mitch Trubisky,4000,QB,BUF,NE,0,0.00,0,0,0,,,,,
Shane Buechele,4000,QB,BUF,NE,0,0.00,0,0,0,,,,,
Joshua Dobbs,4000,QB,NE,BUF,0,0.00,0,0,0,,,,,
Tommy DeVito,4000,QB,NE,BUF,0,0.00,0,0,0,,,,,
Frank Gore Jr.,4000,RB,BUF,NE,0,0.00,0,0,0,,,,,
Terrell Jennings,4000,RB,NE,BUF,0,0.00,0,0,0,,,,,
Antonio Gibson,4000,RB,NE,BUF,0,0.00,0,0,0,,,,,
Lan Larison,4000,RB,NE,BUF,0,0.00,0,0,0,,,,,
Deneric Prince,4000,RB,NE,BUF,0,0.00,0,0,0,,,,,
Craig Reynolds,4000,RB,NE,BUF,0,0.00,0,0,0,,,,,
Brock Lampe,4000,RB,NE,BUF,0,0.00,0,0,0,,,,,
Jameis Winston,4000,QB,NYG,WAS,0,0.00,0,0,0,,,,,
Russell Wilson,4000,QB,NYG,WAS,0,0.00,0,0,0,,,,,
Josh Johnson,4000,QB,WAS,NYG,0,0.00,0,0,0,,,,,
Sam Hartman,4000,QB,WAS,NYG,0,0.00,0,0,0,,,,,
Cam Skattebo,4000,RB,NYG,WAS,0,0.00,0,0,0,,,,,
Dante Miller,4000,RB,NYG,WAS,0,0.00,0,0,0,,,,,
Austin Ekeler,4000,RB,WAS,NYG,0,0.00,0,0,0,,,,,
Donovan Edwards,4000,RB,WAS,NYG,0,0.00,0,0,0,,,,,
Aidan O'Connell,4000,QB,LV,PHI,0,0.00,0,0,0,,,,,
Cam Miller,4000,QB,LV,PHI,0,0.00,0,0,0,,,,,
Tanner McKee,4000,QB,PHI,LV,0,0.00,0,0,0,,,,,
Sam Howell,4000,QB,PHI,LV,0,0.00,0,0,0,,,,,
Kyle McCord,4000,QB,PHI,LV,0,0.00,0,0,0,,,,,
Zamir White,4000,RB,LV,PHI,0,0.00,0,0,0,,,,,
Chris Collier,4000,RB,LV,PHI,0,0.00,0,0,0,,,,,
AJ Dillon,4000,RB,PHI,LV,0,0.00,0,0,0,,,,,
Ben VanSumeren,4000,RB,PHI,LV,0,0.00,0,0,0,,,,,
Jarrett Stidham,4000,QB,DEN,GB,0,0.00,0,0,0,,,,,
Sam Ehlinger,4000,QB,DEN,GB,0,0.00,0,0,0,,,,,
Malik Willis,4000,QB,GB,DEN,0,0.00,0,0,0,,,,,
Clayton Tune,4000,QB,GB,DEN,0,0.00,0,0,0,,,,,
J.K. Dobbins,4000,RB,DEN,GB,0,0.00,0,0,0,,,,,
Deuce Vaughn,4000,RB,DEN,GB,0,0.00,0,0,0,,,,,
Michael Burton,4000,RB,DEN,GB,0,0.00,0,0,0,,,,,
MarShawn Lloyd,4000,RB,GB,DEN,0,0.00,0,0,0,,,,,
Pierre Strong Jr.,4000,RB,GB,DEN,0,0.00,0,0,0,,,,,
Kyle Allen,4000,QB,DET,LAR,0,0.00,0,0,0,,,,,
C.J. Beathard,4000,QB,DET,LAR,0,0.00,0,0,0,,,,,
Jimmy Garoppolo,4000,QB,LAR,DET,0,0.00,0,0,0,,,,,
Stetson Bennett IV,4000,QB,LAR,DET,0,0.00,0,0,0,,,,,
Kye Robichaux,4000,RB,DET,LAR,0,0.00,0,0,0,,,,,
Jabari Small,4000,RB,DET,LAR,0,0.00,0,0,0,,,,,
Jarquez Hunter,4000,RB,LAR,DET,0,0.00,0,0,0,,,,,
Spencer Rattler,4000,QB,NO,CAR,0,0.00,0,0,0,,,,,
Jake Haener,4000,QB,NO,CAR,0,0.00,0,0,0,,,,,
Andy Dalton,4000,QB,CAR,NO,0,0.00,0,0,0,,,,,
Mike White,4000,QB,CAR,NO,0,0.00,0,0,0,,,,,
Audric Estime,4000,RB,NO,CAR,0,0.00,0,0,0,,,,,
Kendre Miller,4000,RB,NO,CAR,0,0.00,0,0,0,,,,,
Jonathon Brooks,4000,RB,CAR,NO,0,0.00,0,0,0,,,,,
Anthony Tyus III,4000,RB,CAR,NO,0,0.00,0,0,0,,,,,
DeeJay Dallas,4000,RB,CAR,NO,0,0.00,0,0,0,,,,,
Daniel Jones,4000,QB,IND,SEA,0,0.00,0,0,0,,,,,
Brett Rypien,4000,QB,IND,SEA,0,0.00,0,0,0,,,,,
Drew Lock,4000,QB,SEA,IND,0,0.00,0,0,0,,,,,
Jalen Milroe,4000,QB,SEA,IND,0,0.00,0,0,0,,,,,
DJ Giddens,4000,RB,IND,SEA,0,0.00,0,0,0,,,,,
Salvon Ahmed,4000,RB,IND,SEA,0,0.00,0,0,0,,,,,
Ulysses Bentley IV,4000,RB,IND,SEA,0,0.00,0,0,0,,,,,
Cam Akers,4000,RB,SEA,IND,0,0.00,0,0,0,,,,,
Velus Jones Jr.,4000,RB,SEA,IND,0,0.00,0,0,0,,,,,
George Holani,4000,RB,SEA,IND,0,0.00,0,0,0,,,,,
Kenny McIntosh,4000,RB,SEA,IND,0,0.00,0,0,0,,,,,
Brady Russell,4000,RB,SEA,IND,0,0.00,0,0,0,,,,,
Myles Gaskin,4000,RB,SEA,IND,0,0.00,0,0,0,,,,,
Brandon Allen,4000,QB,TEN,SF,0,0.00,0,0,0,,,,,
Will Levis,4000,QB,TEN,SF,0,0.00,0,0,0,,,,,
Trevor Siemian,4000,QB,TEN,SF,0,0.00,0,0,0,,,,,
Mac Jones,4000,QB,SF,TEN,0,0.00,0,0,0,,,,,
Kurtis Rourke,4000,QB,SF,TEN,0,0.00,0,0,0,,,,,
Adrian Martinez,4000,QB,NYJ,JAX,0,0.00,0,0,0,,,,,
Jordan Mims,4000,RB,TEN,SF,0,0.00,0,0,0,,,,,
Isaac Guerendo,4000,RB,SF,TEN,0,0.00,0,0,0,,,,,
Jordan James,4000,RB,SF,TEN,0,0.00,0,0,0,,,,,
Patrick Taylor Jr.,4000,RB,SF,TEN,0,0.00,0,0,0,,,,,
Pat Bryant,3900,WR,DEN,GB,0,0.00,0,1.2,1.2,,,,,
Gabe Davis,3600,WR,BUF,NE,0,0.00,0,0.5333333333333333,0.5333333333333333,,,,,
Rashod Bateman,3400,WR,BAL,CIN,0,0.00,0,1.0333333333333332,1.0333333333333332,,,,,
Mason Taylor,3100,TE,NYJ,JAX,0,0.00,0,3.6666666666666665,3.6666666666666665,,,,,
Jahdae Walker,3000,WR,CHI,CLE,0,0.00,0,0,0,,,,,
JP Richardson,3000,WR,CHI,CLE,0,0.00,0,0,0,,,,,
Maurice Alexander,3000,WR,CHI,CLE,0,0.00,0,0,0,,,,,
Jamari Thrash,3000,WR,CLE,CHI,0,0.00,0,0,0,,,,,
DeAndre Carter,3000,WR,CLE,CHI,0,0.00,0,0,0,,,,,
Luke Floriea,3000,WR,CLE,CHI,0,0.00,0,0,0,,,,,
David Njoku,3000,TE,CLE,CHI,0,0.00,0,0.1,0.1,,,,,
Jermaine Burton,3000,WR,CIN,BAL,0,0.00,0,0,0,,,,,
Jordan Moore,3000,WR,CIN,BAL,0,0.00,0,0,0,,,,,
Kendric Pryor,3000,WR,CIN,BAL,0,0.00,0,0,0,,,,,
Dayton Wade,3000,WR,BAL,CIN,0,0.00,0,0,0,,,,,
Keith Kirkwood,3000,WR,BAL,CIN,0,0.00,0,0,0,,,,,
Cornelius Johnson,3000,WR,BAL,CIN,0,0.00,0,0,0,,,,,
Braxton Berrios,3000,WR,HOU,ARI,0,0.00,0,0,0,,,,,
Tank Dell,3000,WR,HOU,ARI,0,0.00,0,0,0,,,,,
Justin Watson,3000,WR,HOU,ARI,0,0.00,0,0,0,,,,,
Josh Kelly,3000,WR,HOU,ARI,0,0.00,0,0,0,,,,,
Jared Wayne,3000,WR,HOU,ARI,0,0.00,0,0,0,,,,,
Quintez Cephus,3000,WR,HOU,ARI,0,0.00,0,0,0,,,,,
Xavier Weaver,3000,WR,ARI,HOU,0,0.00,0,0,0,,,,,
Greg Dortch,3000,WR,ARI,HOU,0,0.00,0,0,0,,,,,
Zay Jones,3000,WR,ARI,HOU,0,0.00,0,0,0,,,,,
Simi Fehoko,3000,WR,ARI,HOU,0,0.00,0,0,0,,,,,
Tejhaun Palmer,3000,WR,ARI,HOU,0,0.00,0,0,0,,,,,
Bryson Green,3000,WR,ARI,HOU,0,0.00,0,0,0,,,,,
Tyler Johnson,3000,WR,NYJ,JAX,0,0.00,0,0,0,,,,,
Garrett Wilson,3000,WR,NYJ,JAX,0,0.00,0,0,0,,,,,
Josh Reynolds,3000,WR,NYJ,JAX,0,0.00,0,0,0,,,,,
Irvin Charles,3000,WR,NYJ,JAX,0,0.00,0,0,0,,,,,
Jamaal Pritchett,3000,WR,NYJ,JAX,0,0.00,0,0,0,,,,,
Trenton Irwin,3000,WR,NYJ,JAX,0,0.00,0,0,0,,,,,
Quentin Skinner,3000,WR,NYJ,JAX,0,0.00,0,0,0,,,,,
Travis Hunter,3000,WR,JAX,NYJ,0,0.00,0,0,0,,,,,
Joshua Cephus,3000,WR,JAX,NYJ,0,0.00,0,0,0,,,,,
Tim Jones,3000,WR,JAX,NYJ,0,0.00,0,0,0,,,,,
Chandler Brayboy,3000,WR,JAX,NYJ,0,0.00,0,0,0,,,,,
Jason Brownlee,3000,WR,KC,LAC,0,0.00,0,0,0,,,,,
Derius Davis,3000,WR,LAC,KC,0,0.00,0,0,0,,,,,
JaQuae Jackson,3000,WR,LAC,KC,0,0.00,0,0,0,,,,,
Dalevon Campbell,3000,WR,LAC,KC,0,0.00,0,0,0,,,,,
Curtis Samuel,3000,WR,BUF,NE,0,0.00,0,0,0,,,,,
Mecole Hardman Jr.,3000,WR,BUF,NE,0,0.00,0,0,0,,,,,
Stephen Gosnell,3000,WR,BUF,NE,0,0.00,0,0,0,,,,,
Efton Chism III,3000,WR,NE,BUF,0,0.00,0,0,0,,,,,
John Jiles,3000,WR,NE,BUF,0,0.00,0,0,0,,,,,
Jeremiah Webb,3000,WR,NE,BUF,0,0.00,0,0,0,,,,,
Gunner Olszewski,3000,WR,NYG,WAS,0,0.00,0,0,0,,,,,
Malik Nabers,3000,WR,NYG,WAS,0,0.00,0,0,0,,,,,
Beaux Collins,3000,WR,NYG,WAS,0,0.00,0,0,0,,,,,
Bryce Ford-Wheaton,3000,WR,NYG,WAS,0,0.00,0,0,0,,,,,
Da'Quan Felton,3000,WR,NYG,WAS,0,0.00,0,0,0,,,,,
Ray-Ray McCloud III,3000,WR,NYG,WAS,0,0.00,0,0,0,,,,,
Ihmir Smith-Marsette,3000,WR,NYG,WAS,0,0.00,0,0,0,,,,,
Luke McCaffrey,3000,WR,WAS,NYG,0,0.00,0,0,0,,,,,
River Cracraft,3000,WR,WAS,NYG,0,0.00,0,0,0,,,,,
Jacoby Jones,3000,WR,WAS,NYG,0,0.00,0,0,0,,,,,
Robbie Chosen,3000,WR,WAS,NYG,0,0.00,0,0,0,,,,,
Alex Bachman,3000,WR,LV,PHI,0,0.00,0,0,0,,,,,
DJ Turner,3000,WR,LV,PHI,0,0.00,0,0,0,,,,,
Brenden Rice,3000,WR,LV,PHI,0,0.00,0,0,0,,,,,
Phillip Dorsett II,3000,WR,LV,PHI,0,0.00,0,0,0,,,,,
Justin Shorter,3000,WR,LV,PHI,0,0.00,0,0,0,,,,,
Johnny Wilson,3000,WR,PHI,LV,0,0.00,0,0,0,,,,,
Terrace Marshall Jr.,3000,WR,PHI,LV,0,0.00,0,0,0,,,,,
Xavier Gipson,3000,WR,NYG,WAS,0,0.00,0,0,0,,,,,
Quez Watkins,3000,WR,PHI,LV,0,0.00,0,0,0,,,,,
Danny Gray,3000,WR,PHI,LV,0,0.00,0,0,0,,,,,
Elijah Moore,3000,WR,DEN,GB,0,0.00,0,0,0,,,,,
A.T. Perry,3000,WR,DEN,GB,0,0.00,0,0,0,,,,,
Isaiah Neyor,3000,WR,GB,DEN,0,0.00,0,0,0,,,,,
Jakobie Keeney-James,3000,WR,GB,DEN,0,0.00,0,0,0,,,,,
Will Sheppard,3000,WR,GB,DEN,0,0.00,0,0,0,,,,,
Dominic Lovett,3000,WR,DET,LAR,0,0.00,0,0,0,,,,,
Malik Cunningham,3000,WR,DET,LAR,0,0.00,0,0,0,,,,,
Jackson Meeks,3000,WR,DET,LAR,0,0.00,0,0,0,,,,,
Andrew Armstrong,3000,WR,DET,LAR,0,0.00,0,0,0,,,,,
Brennan Presley,3000,WR,LAR,DET,0,0.00,0,0,0,,,,,
Tru Edwards,3000,WR,LAR,DET,0,0.00,0,0,0,,,,,
Tyler Scott,3000,WR,LAR,DET,0,0.00,0,0,0,,,,,
Trey Palmer,3000,WR,NO,CAR,0,0.00,0,0,0,,,,,
Ja'Lynn Polk,3000,WR,NO,CAR,0,0.00,0,0,0,,,,,
Bub Means,3000,WR,NO,CAR,0,0.00,0,0,0,,,,,
Samori Toure,3000,WR,NO,CAR,0,0.00,0,0,0,,,,,
Ronnie Bell,3000,WR,NO,CAR,0,0.00,0,0,0,,,,,
Hunter Renfrow,3000,WR,CAR,NO,0,0.00,0,0,0,,,,,
David Moore,3000,WR,CAR,NO,0,0.00,0,0,0,,,,,
Ainias Smith,3000,WR,CAR,NO,0,0.00,0,0,0,,,,,
Dan Chisena,3000,WR,CAR,NO,0,0.00,0,0,0,,,,,
Ja'seem Reed,3000,WR,CAR,NO,0,0.00,0,0,0,,,,,
Anthony Gould,3000,WR,IND,SEA,0,0.00,0,0,0,,,,,
Ashton Dulin,3000,WR,IND,SEA,0,0.00,0,0,0,,,,,
D.J. Montgomery,3000,WR,IND,SEA,0,0.00,0,0,0,,,,,
Eli Pancol,3000,WR,IND,SEA,0,0.00,0,0,0,,,,,
Dareke Young,3000,WR,SEA,IND,0,0.00,0,0,0,,,,,
Tory Horton,3000,WR,SEA,IND,0,0.00,0,0,0,,,,,
Ricky White III,3000,WR,SEA,IND,0,0.00,0,0,0,,,,,
Jimmy Holiday,3000,WR,SEA,IND,0,0.00,0,0,0,,,,,
Courtney Jackson,3000,WR,SEA,IND,0,0.00,0,0,0,,,,,
Calvin Ridley,3000,WR,TEN,SF,0,0.00,0,0,0,,,,,
Bryce Oliver,3000,WR,TEN,SF,0,0.00,0,0,0,,,,,
Hal Presley III,3000,WR,TEN,SF,0,0.00,0,0,0,,,,,
Xavier Restrepo,3000,WR,TEN,SF,0,0.00,0,0,0,,,,,
Lance McCutcheon,3000,WR,TEN,SF,0,0.00,0,0,0,,,,,
Kristian Wilkerson,3000,WR,TEN,SF,0,0.00,0,0,0,,,,,
Jordan Watkins,3000,WR,SF,TEN,0,0.00,0,0,0,,,,,
Jacob Cowing,3000,WR,SF,TEN,0,0.00,0,0,0,,,,,
Trent Taylor,3000,WR,SF,TEN,0,0.00,0,0,0,,,,,
Junior Bergen,3000,WR,SF,TEN,0,0.00,0,0,0,,,,,
Malik Turner,3000,WR,SF,TEN,0,0.00,0,0,0,,,,,
Ross Dwelley,2600,TE,DET,LAR,0,0.00,0,0.03333333333333333,0.03333333333333333,,,,,
Qadir Ismail,2500,TE,CHI,CLE,0,0.00,0,0,0,,,,,
Stephen Carlson,2500,TE,CHI,CLE,0,0.00,0,0,0,,,,,
Caden Prieskorn,2500,TE,CLE,CHI,0,0.00,0,0,0,,,,,
Sal Cannella,2500,TE,CLE,CHI,0,0.00,0,0,0,,,,,
Cam Grandy,2500,TE,CIN,BAL,0,0.00,0,0,0,,,,,
Erick All Jr.,2500,TE,CIN,BAL,0,0.00,0,0,0,,,,,
William Wagner,2500,TE,CIN,BAL,0,0.00,0,0,0,,,,,
Scotty Washington,2500,TE,BAL,CIN,0,0.00,0,0,0,,,,,
Jakob Johnson,2500,TE,HOU,ARI,0,0.00,0,0,0,,,,,
Luke Lachey,2500,TE,HOU,ARI,0,0.00,0,0,0,,,,,
Brevin Jordan,2500,TE,HOU,ARI,0,0.00,0,0,0,,,,,
Tip Reiman,2500,TE,ARI,HOU,0,0.00,0,0,0,,,,,
Travis Vokolek,2500,TE,ARI,HOU,0,0.00,0,0,0,,,,,
Messiah Swinson,2500,TE,ARI,HOU,0,0.00,0,0,0,,,,,
Hunter Long,2500,TE,JAX,NYJ,0,0.00,0,0.03333333333333333,0.03333333333333333,,,,,
Johnny Mundt,2500,TE,JAX,NYJ,0,0.00,0,0,0,,,,,
Patrick Herbert,2500,TE,JAX,NYJ,0,0.00,0,0,0,,,,,
Jordan Akins,2500,TE,JAX,NYJ,0,0.00,0,0,0,,,,,
Jared Wiley,2500,TE,KC,LAC,0,0.00,0,0,0,,,,,
Jake Briningstool,2500,TE,KC,LAC,0,0.00,0,0,0,,,,,
Tre Watson,2500,TE,KC,LAC,0,0.00,0,0,0,,,,,
James Winchester,2500,TE,KC,LAC,0,0.00,0,0,0,,,,,
Tucker Fisk,2500,TE,LAC,KC,0,0.00,0,0,0,,,,,
Thomas Yassmin,2500,TE,LAC,KC,0,0.00,0,0,0,,,,,
Keleki Latu,2500,TE,BUF,NE,0,0.00,0,0,0,,,,,
CJ Dippre,2500,TE,NE,BUF,0,0.00,0,0,0,,,,,
Thomas Odukoya,2500,TE,NE,BUF,0,0.00,0,0,0,,,,,
Thomas Fidone II,2500,TE,NYG,WAS,0,0.00,0,0,0,,,,,
Zach Davidson,2500,TE,NYG,WAS,0,0.00,0,0,0,,,,,
Maximilian Mang,2500,TE,NYG,WAS,0,0.00,0,0,0,,,,,
Zach Ertz,2500,TE,WAS,NYG,0,0.00,0,0,0,,,,,
Tyree Jackson,2500,TE,WAS,NYG,0,0.00,0,0,0,,,,,
Tyler Ott,2500,TE,WAS,NYG,0,0.00,0,0,0,,,,,
Lawrence Cager,2500,TE,WAS,NYG,0,0.00,0,0,0,,,,,
Ian Thomas,2500,TE,LV,PHI,0,0.00,0,0,0,,,,,
Carter Runyon,2500,TE,LV,PHI,0,0.00,0,0,0,,,,,
Albert Okwuegbunam Jr.,2500,TE,LV,PHI,0,0.00,0,0,0,,,,,
E.J. Jenkins,2500,TE,PHI,LV,0,0.00,0,0,0,,,,,
Cal Adomitis,2500,TE,PHI,LV,0,0.00,0,0,0,,,,,
Marcedes Lewis,2500,TE,DEN,GB,0,0.00,0,0,0,,,,,
Lucas Krull,2500,TE,DEN,GB,0,0.00,0,0,0,,,,,
Patrick Murtagh,2500,TE,DEN,GB,0,0.00,0,0,0,,,,,
Mitchell Fraboni,2500,TE,DEN,GB,0,0.00,0,0,0,,,,,
Caleb Lohner,2500,TE,DEN,GB,0,0.00,0,0,0,,,,,
Tucker Kraft,2500,TE,GB,DEN,0,0.00,0,0,0,,,,,
Drake Dabney,2500,TE,GB,DEN,0,0.00,0,0,0,,,,,
McCallan Castles,2500,TE,GB,DEN,0,0.00,0,0,0,,,,,
Hayden Rucci,2500,TE,DET,LAR,0,0.00,0,0,0,,,,,
Brock Wright,2500,TE,DET,LAR,0,0.00,0,0,0,,,,,
Sam LaPorta,2500,TE,DET,LAR,0,0.00,0,0,0,,,,,
Zach Horton,2500,TE,DET,LAR,0,0.00,0,0,0,,,,,
Nick Vannett,2500,TE,LAR,DET,0,0.00,0,0,0,,,,,
Tyler Higbee,2500,TE,LAR,DET,0,0.00,0,0,0,,,,,
Nick Muse,2500,TE,NYJ,JAX,0,0.00,0,0,0,,,,,
Mark Redman,2500,TE,LAR,DET,0,0.00,0,0,0,,,,,
Zaire Mitchell-Paden,2500,TE,NO,CAR,0,0.00,0,0,0,,,,,
Mason Pline,2500,TE,NO,CAR,0,0.00,0,0,0,,,,,
Zach Wood,2500,TE,NO,CAR,0,0.00,0,0,0,,,,,
Moliki Matavao,2500,TE,NO,CAR,0,0.00,0,0,0,,,,,
Treyton Welch,2500,TE,NO,CAR,0,0.00,0,0,0,,,,,
Bryce Pierre,2500,TE,CAR,NO,0,0.00,0,0,0,,,,,
Will Mallory,2500,TE,IND,SEA,0,0.00,0,0,0,,,,,
Sean McKeon,2500,TE,IND,SEA,0,0.00,0,0,0,,,,,
Elijah Arroyo,2500,TE,SEA,IND,0,0.00,0,0.3,0.3,,,,,
Joel Wilson,2500,TE,TEN,SF,0,0.00,0,0,0,,,,,
Brayden Willis,2500,TE,SF,TEN,0,0.00,0,0,0,,,,,
Cody Schrader,4000,RB,HOU,ARI,0,0.00,0,0,0,,,,,
Jashaun Corbin,4000,RB,NE,BUF,0,0.00,0,0,0,,,,,
Sincere McCormick,4000,RB,DEN,GB,0,0.00,0,0,0,,,,,
Xavier Johnson,3000,WR,CIN,BAL,0,0.00,0,0,0,,,,,
Steven Sims Jr.,3000,WR,ARI,HOU,0,0.00,0,0,0,,,,,
Chris Moore,3000,WR,WAS,NYG,0,0.00,0,0,0,,,,,
Kyrese Rowan,3000,WR,DEN,GB,0,0.00,0,0,0,,,,,
Javon Baker,3000,WR,SF,TEN,0,0.00,0,0,0,,,,,
Cole Turner,2500,TE,TEN,SF,0,0.00,0,0,0,,,,,